x,y,
-10.0,-1448.2716049382718,
-9.99,-1433.7474429527142,
-9.98,-1419.353009714725,
-9.97,-1405.0872941062405,
-9.96,-1390.949291702669,
-9.950000000000001,-1376.938004736515,
-9.940000000000001,-1363.0524420611564,
-9.930000000000001,-1349.2916191147783,
-9.920000000000002,-1335.6545578844605,
-9.910000000000002,-1322.1402868704188,
-9.900000000000002,-1308.7478410504,
-9.890000000000002,-1295.4762618442273,
-9.880000000000003,-1282.3245970785033,
-9.870000000000003,-1269.2919009514574,
-9.860000000000003,-1256.3772339979519,
-9.850000000000003,-1243.5796630546333,
-9.840000000000003,-1230.8982612252382,
-9.830000000000004,-1218.332107846046,
-9.820000000000004,-1205.8802884514816,
-9.810000000000004,-1193.5418947398698,
-9.800000000000004,-1181.3160245393337,
-9.790000000000004,-1169.2017817738456,
-9.780000000000005,-1157.1982764294216,
-9.770000000000005,-1145.3046245204657,
-9.760000000000005,-1133.519948056261,
-9.750000000000005,-1121.843375007602,
-9.740000000000006,-1110.2740392735798,
-9.730000000000006,-1098.8110806485108,
-9.720000000000006,-1087.4536447890014,
-9.710000000000006,-1076.2008831811709,
-9.700000000000006,-1065.0519531080085,
-9.690000000000007,-1054.0060176168754,
-9.680000000000007,-1043.0622454871514,
-9.670000000000007,-1032.2198111980256,
-9.660000000000007,-1021.4778948964225,
-9.650000000000007,-1010.8356823650772,
-9.640000000000008,-1000.2923649907476,
-9.630000000000008,-989.847139732565,
-9.620000000000008,-979.4992090905324,
-9.610000000000008,-969.247781074154,
-9.600000000000009,-959.0920691712085,
-9.590000000000009,-949.0312923166614,
-9.580000000000009,-939.0646748617135,
-9.57000000000001,-929.1914465429871,
-9.56000000000001,-919.4108424518543,
-9.55000000000001,-909.7221030038945,
-9.54000000000001,-900.1244739084955,
-9.53000000000001,-890.6172061385865,
-9.52000000000001,-881.1995559005086,
-9.51000000000001,-871.8707846040193,
-9.50000000000001,-862.6301588324317,
-9.49000000000001,-853.4769503128915,
-9.480000000000011,-844.4104358867817,
-9.470000000000011,-835.4298974802632,
-9.460000000000012,-826.5346220749536,
-9.450000000000012,-817.7239016787298,
-9.440000000000012,-808.9970332966684,
-9.430000000000012,-800.3533189021157,
-9.420000000000012,-791.7920654078904,
-9.410000000000013,-783.3125846376143,
-9.400000000000013,-774.9141932971777,
-9.390000000000013,-766.596212946328,
-9.380000000000013,-758.3579699703971,
-9.370000000000013,-750.198795552147,
-9.360000000000014,-742.1180256437552,
-9.350000000000014,-734.1150009389171,
-9.340000000000014,-726.1890668450853,
-9.330000000000014,-718.3395734558331,
-9.320000000000014,-710.5658755233403,
-9.310000000000015,-702.867332431014,
-9.300000000000015,-695.2433081662284,
-9.290000000000015,-687.6931712931934,
-9.280000000000015,-680.2162949259475,
-9.270000000000016,-672.8120567014769,
-9.260000000000016,-665.4798387529554,
-9.250000000000016,-658.2190276831138,
-9.240000000000016,-651.0290145377255,
-9.230000000000016,-643.9091947792242,
-9.220000000000017,-636.8589682604342,
-9.210000000000017,-629.8777391984311,
-9.200000000000017,-622.9649161485211,
-9.190000000000017,-616.119911978341,
-9.180000000000017,-609.3421438420798,
-9.170000000000018,-602.6310331548231,
-9.160000000000018,-595.9860055670126,
-9.150000000000018,-589.406490939032,
-9.140000000000018,-582.8919233159055,
-9.130000000000019,-576.441740902121,
-9.120000000000019,-570.0553860365669,
-9.110000000000019,-563.7323051675921,
-9.10000000000002,-557.4719488281789,
-9.09000000000002,-551.2737716112358,
-9.08000000000002,-545.1372321450071,
-9.07000000000002,-539.0617930685991,
-9.06000000000002,-533.0469210076195,
-9.05000000000002,-527.092086549939,
-9.04000000000002,-521.1967642215598,
-9.03000000000002,-515.3604324626062,
-9.020000000000021,-509.58257360342543,
-9.010000000000021,-503.86267384080384,
-9.000000000000021,-498.2002232142979,
-8.990000000000022,-492.5947155826759,
-8.980000000000022,-487.0456486004757,
-8.970000000000022,-481.5525236946721,
-8.960000000000022,-476.11484604145835,
-8.950000000000022,-470.7321245431374,
-8.940000000000023,-465.4038718051272,
-8.930000000000023,-460.1296041130746,
-8.920000000000023,-454.9088414100803,
-8.910000000000023,-449.74110727403513,
-8.900000000000023,-444.6259288950638,
-8.890000000000024,-439.5628370530809,
-8.880000000000024,-434.5513660954532,
-8.870000000000024,-429.5910539147725,
-8.860000000000024,-424.6814419267357,
-8.850000000000025,-419.8220750481318,
-8.840000000000025,-415.01250167493987,
-8.830000000000025,-410.2522736605292,
-8.820000000000025,-405.54094629396985,
-8.810000000000025,-400.8780782784484,
-8.800000000000026,-396.2632317097882,
-8.790000000000026,-391.6959720550776,
-8.780000000000026,-387.1758681314019,
-8.770000000000026,-382.70249208468016,
-8.760000000000026,-378.27541936860587,
-8.750000000000027,-373.89422872369346,
-8.740000000000027,-369.5585021564275,
-8.730000000000027,-365.2678249185131,
-8.720000000000027,-361.0217854862329,
-8.710000000000027,-356.81997553990516,
-8.700000000000028,-352.6619899434415,
-8.690000000000028,-348.5474267240111,
-8.680000000000028,-344.4758870518016,
-8.670000000000028,-340.4469752198856,
-8.660000000000029,-336.46029862418266,
-8.650000000000029,-332.5154677435274,
-8.640000000000029,-328.6120961198325,
-8.63000000000003,-324.74980033835436,
-8.62000000000003,-320.9282000080572,
-8.61000000000003,-317.14691774207483,
-8.60000000000003,-313.40557913827274,
-8.59000000000003,-309.70381275990763,
-8.58000000000003,-306.04125011638394,
-8.57000000000003,-302.41752564410854,
-8.56000000000003,-298.832276687443,
-8.550000000000031,-295.2851434797511,
-8.540000000000031,-291.77576912454435,
-8.530000000000031,-288.30379957672153,
-8.520000000000032,-284.86888362390573,
-8.510000000000032,-281.47067286787603,
-8.500000000000032,-278.10882170609295,
-8.490000000000032,-274.7829873133205,
-8.480000000000032,-271.492829623341,
-8.470000000000033,-268.23801131076357,
-8.460000000000033,-265.01819777292764,
-8.450000000000033,-261.83305711189814,
-8.440000000000033,-258.6822601165538,
-8.430000000000033,-255.56548024476865,
-8.420000000000034,-252.48239360568493,
-8.410000000000034,-249.43267894207736,
-8.400000000000034,-246.41601761281026,
-8.390000000000034,-243.43209357538444,
-8.380000000000035,-240.48059336857494,
-8.370000000000035,-237.56120609516051,
-8.360000000000035,-234.67362340474074,
-8.350000000000035,-231.81753947664544,
-8.340000000000035,-228.99265100293087,
-8.330000000000036,-226.19865717146797,
-8.320000000000036,-223.435259649116,
-8.310000000000036,-220.70216256498736,
-8.300000000000036,-217.9990724937984,
-8.290000000000036,-215.3256984393086,
-8.280000000000037,-212.68175181784818,
-8.270000000000037,-210.06694644193033,
-8.260000000000037,-207.48099850395232,
-8.250000000000037,-204.92362655998227,
-8.240000000000038,-202.39455151363063,
-8.230000000000038,-199.8934966000097,
-8.220000000000038,-197.4201873697764,
-8.210000000000038,-194.97435167326103,
-8.200000000000038,-192.55571964468078,
-8.190000000000039,-190.1640236864373,
-8.180000000000039,-187.7989984534978,
-8.170000000000039,-185.46038083786146,
-8.16000000000004,-183.14790995310642,
-8.15000000000004,-180.8613271190237,
-8.14000000000004,-178.60037584632977,
-8.13000000000004,-176.36480182146482,
-8.12000000000004,-174.15435289147027,
-8.11000000000004,-171.96877904895092,
-8.10000000000004,-169.80783241711606,
-8.09000000000004,-167.67126723490315,
-8.080000000000041,-165.55883984218167,
-8.070000000000041,-163.47030866503775,
-8.060000000000041,-161.40543420113863,
-8.050000000000042,-159.3639790051775,
-8.040000000000042,-157.34570767439698,
-8.030000000000042,-155.3503868341929,
-8.020000000000042,-153.377785123796,
-8.010000000000042,-151.427673182033,
-8.000000000000043,-149.49982363316516,
-7.990000000000043,-147.5940110728054,
-7.980000000000043,-145.7100120539131,
-7.970000000000043,-143.84760507286543,
-7.9600000000000435,-142.00657055560683,
-7.950000000000044,-140.18669084387437,
-7.940000000000044,-138.38775018149977,
-7.930000000000044,-136.60953470078772,
-7.920000000000044,-134.85183240896959,
-7.9100000000000446,-133.1144331747331,
-7.900000000000045,-131.39712871482664,
-7.890000000000045,-129.69971258073906,
-7.880000000000045,-128.02198014545348,
-7.870000000000045,-126.36372859027585,
-7.860000000000046,-124.72475689173712,
-7.850000000000046,-123.104865808569,
-7.840000000000046,-121.50385786875393,
-7.830000000000046,-119.92153735664681,
-7.8200000000000465,-118.35771030017071,
-7.810000000000047,-116.81218445808418,
-7.800000000000047,-115.28476930732145,
-7.790000000000047,-113.77527603040357,
-7.780000000000047,-112.28351750292262,
-7.7700000000000475,-110.80930828109533,
-7.760000000000048,-109.35246458938951,
-7.750000000000048,-107.9128043082199,
-7.740000000000048,-106.49014696171503,
-7.730000000000048,-105.08431370555383,
-7.720000000000049,-103.69512731487288,
-7.710000000000049,-102.32241217224214,
-7.700000000000049,-100.96599425571048,
-7.690000000000049,-99.62570112692038,
-7.6800000000000495,-98.30136191929043,
-7.67000000000005,-96.99280732626772,
-7.66000000000005,-95.6998695896468,
-7.65000000000005,-94.42238248795715,
-7.64000000000005,-93.1601813249184,
-7.6300000000000505,-91.9131029179623,
-7.620000000000051,-90.68098558682209,
-7.610000000000051,-89.46366914218808,
-7.600000000000051,-88.26099487443011,
-7.590000000000051,-87.07280554238585,
-7.580000000000052,-85.89894536221516,
-7.570000000000052,-84.73925999631967,
-7.560000000000052,-83.59359654232799,
-7.550000000000052,-82.46180352214549,
-7.540000000000052,-81.34373087106968,
-7.530000000000053,-80.23922992696887,
-7.520000000000053,-79.14815341952607,
-7.510000000000053,-78.07035545954594,
-7.500000000000053,-77.00569152832597,
-7.4900000000000535,-75.95401846709083,
-7.480000000000054,-74.91519446648968,
-7.470000000000054,-73.88907905615642,
-7.460000000000054,-72.87553309433261,
-7.450000000000054,-71.87441875755212,
-7.440000000000055,-70.88559953038856,
-7.430000000000055,-69.90894019526405,
-7.420000000000055,-68.94430682231882,
-7.410000000000055,-67.99156675934371,
-7.400000000000055,-67.05058862177165,
-7.390000000000056,-66.12124228273103,
-7.380000000000056,-65.20339886315924,
-7.370000000000056,-64.29693072197597,
-7.360000000000056,-63.40171144631684,
-7.3500000000000565,-62.51761584182654,
-7.340000000000057,-61.6445199230111,
-7.330000000000057,-60.7823009036492,
-7.320000000000057,-59.930837187262995,
-7.310000000000057,-59.09000835764655,
-7.3000000000000576,-58.25969516945332,
-7.290000000000058,-57.43977953884129,
-7.280000000000058,-56.63014453417587,
-7.270000000000058,-55.830674366790845,
-7.260000000000058,-55.04125438180586,
-7.250000000000059,-54.26177104900157,
-7.240000000000059,-53.49211195375122,
-7.230000000000059,-52.7321657880087,
-7.220000000000059,-51.98182234135325,
-7.2100000000000595,-51.24097249208961,
-7.20000000000006,-50.50950819840435,
-7.19000000000006,-49.78732248957766,
-7.18000000000006,-49.07430945725025,
-7.17000000000006,-48.370364246745254,
-7.1600000000000605,-47.6753830484453,
-7.150000000000061,-46.989263089223215,
-7.140000000000061,-46.31190262392799,
-7.130000000000061,-45.64320092692412,
-7.120000000000061,-44.98305828368501,
-7.110000000000062,-44.331375982439795,
-7.100000000000062,-43.688056305873204,
-7.090000000000062,-43.053002522879055,
-7.080000000000062,-42.426118880366104,
-7.0700000000000625,-41.807310595116306,
-7.060000000000063,-41.196483845695965,
-7.050000000000063,-40.59354576441834,
-7.040000000000063,-39.99840442935853,
-7.030000000000063,-39.410968856419615,
-7.0200000000000635,-38.831148991450476,
-7.010000000000064,-38.25885570241432,
-7.000000000000064,-37.69400077160853,
-6.990000000000064,-37.1364968879348,
-6.980000000000064,-36.58625763921994,
-6.970000000000065,-36.04319750458649,
-6.960000000000065,-35.507231846873765,
-6.950000000000065,-34.97827690510806,
-6.940000000000065,-34.456249787022756,
-6.930000000000065,-33.941068461627495,
-6.920000000000066,-33.432651751826285,
-6.910000000000066,-32.9309193270843,
-6.900000000000066,-32.43579169614365,
-6.890000000000066,-31.947190199786974,
-6.8800000000000665,-31.46503700364937,
-6.870000000000067,-30.989255091078007,
-6.860000000000067,-30.519768256039598,
-6.850000000000067,-30.05650109607511,
-6.840000000000067,-29.599379005301515,
-6.830000000000068,-29.14832816746093,
-6.820000000000068,-28.703275549015913,
-6.810000000000068,-28.264148892291786,
-6.800000000000068,-27.830876708664675,
-6.790000000000068,-27.403388271796146,
-6.780000000000069,-26.981613610913342,
-6.770000000000069,-26.565483504134775,
-6.760000000000069,-26.154929471841626,
-6.750000000000069,-25.74988377009396,
-6.7400000000000695,-25.350279384092218,
-6.73000000000007,-24.956050021683083,
-6.72000000000007,-24.567130106910184,
-6.71000000000007,-24.183454773608915,
-6.70000000000007,-23.804959859045155,
-6.690000000000071,-23.431581897598406,
-6.680000000000071,-23.063258114487837,
-6.670000000000071,-22.69992641954235,
-6.660000000000071,-22.341525401013556,
-6.650000000000071,-21.987994319431877,
-6.640000000000072,-21.63927310150531,
-6.630000000000072,-21.295302334060906,
-6.620000000000072,-20.956023258028523,
-6.610000000000072,-20.62137776246677,
-6.6000000000000725,-20.29130837863093,
-6.590000000000073,-19.965758274082482,
-6.580000000000073,-19.64467124684021,
-6.570000000000073,-19.32799171957283,
-6.560000000000073,-19.015664733832338,
-6.5500000000000735,-18.707635944328594,
-6.540000000000074,-18.403851613244512,
-6.530000000000074,-18.10425860459148,
-6.520000000000074,-17.808804378605572,
-6.510000000000074,-17.517436986183455,
-6.500000000000075,-17.230105063358117,
-6.490000000000075,-16.946757825814792,
-6.480000000000075,-16.667345063445538,
-6.470000000000075,-16.391817134944,
-6.4600000000000755,-16.12012496243844,
-6.450000000000076,-15.852220026164154,
-6.440000000000076,-15.588054359174365,
-6.430000000000076,-15.327580542089628,
-6.420000000000076,-15.070751697885449,
-6.4100000000000765,-14.817521486717993,
-6.400000000000077,-14.567844100787788,
-6.390000000000077,-14.321674259241028,
-6.380000000000077,-14.0789672031082,
-6.370000000000077,-13.839678690280344,
-6.360000000000078,-13.60376499052218,
-6.350000000000078,-13.37118288052205,
-6.340000000000078,-13.141889638978832,
-6.330000000000078,-12.91584304172521,
-6.320000000000078,-12.693001356887336,
-6.310000000000079,-12.473323340080455,
-6.300000000000079,-12.256768229640763,
-6.290000000000079,-12.043295741892749,
-6.280000000000079,-11.83286606645224,
-6.2700000000000795,-11.625439861564864,
-6.26000000000008,-11.42097824947949,
-6.25000000000008,-11.21944281185695,
-6.24000000000008,-11.020795585213286,
-6.23000000000008,-10.8249990563979,
-6.220000000000081,-10.632016158105891,
-6.210000000000081,-10.44181026442486,
-6.200000000000081,-10.254345186415613,
-6.190000000000081,-10.069585167726899,
-6.180000000000081,-9.887494880243722,
-6.170000000000082,-9.708039419769264,
-6.160000000000082,-9.531184301740105,
-6.150000000000082,-9.356895456974655,
-6.140000000000082,-9.185139227454478,
-6.1300000000000825,-9.01588236213842,
-6.120000000000083,-8.849092012809535,
-6.110000000000083,-8.684735729954149,
-6.100000000000083,-8.522781458673478,
-6.090000000000083,-8.363197534627027,
-6.080000000000084,-8.205952680008298,
-6.070000000000084,-8.05101599955179,
-6.060000000000084,-7.898356976571883,
-6.050000000000084,-7.74794546903291,
-6.040000000000084,-7.5997517056505615,
-6.030000000000085,-7.4537462820241736,
-6.020000000000085,-7.309900156800083,
-6.010000000000085,-7.168184647865399,
-6.000000000000085,-7.0285714285726115,
-5.9900000000000855,-6.891032523994198,
-5.980000000000086,-6.7555403072076246,
-5.970000000000086,-6.622067495610363,
-5.960000000000086,-6.490587147264566,
-5.950000000000086,-6.361072657271542,
-5.9400000000000865,-6.233497754175673,
-5.930000000000087,-6.107836496397681,
-5.920000000000087,-5.98406326869706,
-5.910000000000087,-5.862152778663383,
-5.900000000000087,-5.742080053236656,
-5.890000000000088,-5.6238204352561105,
-5.880000000000088,-5.507349580037641,
-5.870000000000088,-5.392643451979474,
-5.860000000000088,-5.2796783211960445,
-5.8500000000000885,-5.1684307601799055,
-5.840000000000089,-5.058877640491453,
-5.830000000000089,-4.950996129476277,
-5.820000000000089,-4.844763687010097,
-5.810000000000089,-4.740158062271075,
-5.8000000000000895,-4.637157290539193,
-5.79000000000009,-4.5357396900228615,
-5.78000000000009,-4.435883858712231,
-5.77000000000009,-4.337568671259309,
-5.76000000000009,-4.240773275884635,
-5.750000000000091,-4.145477091310308,
-5.740000000000091,-4.051659803719385,
-5.730000000000091,-3.959301363741144,
-5.720000000000091,-3.868381983462534,
-5.7100000000000914,-3.7788821334652596,
-5.700000000000092,-3.6907825398885308,
-5.690000000000092,-3.6040641815172165,
-5.680000000000092,-3.518708286895496,
-5.670000000000092,-3.4346963314654566,
-5.6600000000000925,-3.35201003473081,
-5.650000000000093,-3.270631357445538,
-5.640000000000093,-3.19054249882711,
-5.630000000000093,-3.1117258937943504,
-5.620000000000093,-3.034164210229715,
-5.610000000000094,-2.957840346265746,
-5.600000000000094,-2.882737427595762,
-5.590000000000094,-2.8088388048084365,
-5.580000000000094,-2.7361280507462133,
-5.570000000000094,-2.664588957887336,
-5.560000000000095,-2.5942055357515095,
-5.550000000000095,-2.524962008328858,
-5.540000000000095,-2.456842811532143,
-5.530000000000095,-2.389832590672027,
-5.5200000000000955,-2.323916197955368,
-5.510000000000096,-2.2590786900062003,
-5.500000000000096,-2.195305325409487,
-5.490000000000096,-2.1325815622772772,
-5.480000000000096,-2.0708930558373115,
-5.470000000000097,-2.0102256560438025,
-5.460000000000097,-1.9505654052103907,
-5.450000000000097,-1.8918985356649234,
-5.440000000000097,-1.8342114674261047,
-5.430000000000097,-1.77749080590187,
-5.420000000000098,-1.7217233396092215,
-5.410000000000098,-1.6668960379154214,
-5.400000000000098,-1.6129960488005164,
-5.390000000000098,-1.5600106966410046,
-5.3800000000000985,-1.5079274800143256,
-5.370000000000099,-1.4567340695243498,
-5.360000000000099,-1.4064183056475876,
-5.350000000000099,-1.3569681965997642,
-5.340000000000099,-1.3083719162231038,
-5.3300000000000995,-1.2606178018937353,
-5.3200000000001,-1.2136943524493535,
-5.3100000000001,-1.1675902261368574,
-5.3000000000001,-1.1222942385799595,
-5.2900000000001,-1.0777953607665562,
-5.280000000000101,-1.0340827170556732,
-5.270000000000101,-0.9911455832040463,
-5.260000000000101,-0.9489733844119463,
-5.250000000000101,-0.9075556933884013,
-5.2400000000001015,-0.8668822284354025,
-5.230000000000102,-0.826942851551209,
-5.220000000000102,-0.7877275665524834,
-5.210000000000102,-0.74922651721515,
-5.200000000000102,-0.7114299854338926,
-5.1900000000001025,-0.674328389400122,
-5.180000000000103,-0.6379122817983234,
-5.170000000000103,-0.6021723480206047,
-5.160000000000103,-0.5670994043994071,
-5.150000000000103,-0.5326843964581327,
-5.140000000000104,-0.4989183971796889,
-5.130000000000104,-0.4657926052927621,
-5.120000000000104,-0.4332983435756699,
-5.110000000000104,-0.40142705717775584,
-5.1000000000001044,-0.37017031195813654,
-5.090000000000105,-0.33951979284166534,
-5.080000000000105,-0.3094673021920915,
-5.070000000000105,-0.28000475820215165,
-5.060000000000105,-0.2511241933006261,
-5.0500000000001055,-0.22281775257610636,
-5.040000000000106,-0.19507769221744464,
-5.030000000000106,-0.16789637797069634,
-5.020000000000106,-0.14126628361257598,
-5.010000000000106,-0.11517998944004582,
-5.000000000000107,-0.08963018077627805,
-4.990000000000107,-0.06460964649252343,
-4.980000000000107,-0.04011127754598487,
-4.970000000000107,-0.016128065533573377,
-4.960000000000107,0.00734689873869776,
-4.950000000000108,0.03032042667064161,
-4.940000000000108,0.0527992332674474,
-4.930000000000108,0.074789938523673,
-4.920000000000108,0.09629906879216232,
-4.9100000000001085,0.11733305813767991,
-4.900000000000109,0.13789824967557518,
-4.890000000000109,0.1580008968954525,
-4.880000000000109,0.17764716497014454,
-4.870000000000109,0.1968431320497812,
-4.86000000000011,0.215594790541477,
-4.85000000000011,0.2339080483743574,
-4.84000000000011,0.25178873025031834,
-4.83000000000011,0.2692425788804398,
-4.82000000000011,0.2862752562072828,
-4.810000000000111,0.3028923446130962,
-4.800000000000111,0.31909934811410867,
-4.790000000000111,0.3349016935409348,
-4.780000000000111,0.35030473170527454,
-4.7700000000001115,0.3653137385529921,
-4.760000000000112,0.3799339163036186,
-4.750000000000112,0.3941703945764701,
-4.740000000000112,0.4080282315034456,
-4.730000000000112,0.42151241482859847,
-4.7200000000001125,0.43462786299460365,
-4.710000000000113,0.44737942621619986,
-4.700000000000113,0.45977188754073905,
-4.690000000000113,0.47180996389593943,
-4.680000000000113,0.48349830712491926,
-4.670000000000114,0.49484150500860036,
-4.660000000000114,0.5058440822756713,
-4.650000000000114,0.5165105016001132,
-4.640000000000114,0.5268451645863732,
-4.6300000000001145,0.536852412742435,
-4.620000000000115,0.5465365284406825,
-4.610000000000115,0.555901735866823,
-4.600000000000115,0.5649522019568645,
-4.590000000000115,0.5736920373222691,
-4.5800000000001155,0.5821252971634214,
-4.570000000000116,0.5902559821714486,
-4.560000000000116,0.5980880394185224,
-4.550000000000116,0.6056253632367294,
-4.540000000000116,0.6128717960855901,
-4.530000000000117,0.6198311294083592,
-4.520000000000117,0.6265071044771551,
-4.510000000000117,0.6329034132270479,
-4.500000000000117,0.6390236990791704,
-4.4900000000001175,0.6448715577529738,
-4.480000000000118,0.650450538067679,
-4.470000000000118,0.6557641427330843,
-4.460000000000118,0.6608158291297213,
-4.450000000000118,0.6656090100785494,
-4.4400000000001185,0.6701470546002155,
-4.430000000000119,0.6744332886639799,
-4.420000000000119,0.6784709959264317,
-4.410000000000119,0.6822634184600205,
-4.400000000000119,0.6858137574715659,
-4.39000000000012,0.6891251740107545,
-4.38000000000012,0.6922007896687974,
-4.37000000000012,0.6950436872672623,
-4.36000000000012,0.6976569115371727,
-4.35000000000012,0.7000434697885458,
-4.340000000000121,0.7022063325703347,
-4.330000000000121,0.704148434320939,
-4.320000000000121,0.7058726740093557,
-4.310000000000121,0.7073819157670169,
-4.3000000000001215,0.7086789895104508,
-4.290000000000122,0.7097666915548253,
-4.280000000000122,0.7106477852184512,
-4.270000000000122,0.7113250014183208,
-4.260000000000122,0.7118010392568115,
-4.250000000000123,0.7120785665995619,
-4.240000000000123,0.7121602206446784,
-4.230000000000123,0.7120486084832864,
-4.220000000000123,0.7117463076515591,
-4.210000000000123,0.7112558666742861,
-4.200000000000124,0.7105798056000114,
-4.190000000000124,0.7097206165279313,
-4.180000000000124,0.70868076412653,
-4.170000000000124,0.7074626861440529,
-4.1600000000001245,0.7060687939109542,
-4.150000000000125,0.7045014728343015,
-4.140000000000125,0.70276308288431,
-4.130000000000125,0.7008559590730079,
-4.120000000000125,0.6987824119251447,
-4.1100000000001256,0.6965447279414333,
-4.100000000000126,0.6941451700541507,
-4.090000000000126,0.6915859780752254,
-4.080000000000126,0.6888693691368526,
-4.070000000000126,0.6859975381247253,
-4.060000000000127,0.6829726581039566,
-4.050000000000127,0.6797968807377647,
-4.040000000000127,0.67647233669896,
-4.030000000000127,0.673001136074398,
-4.0200000000001275,0.6693853687623471,
-4.010000000000128,0.6656271048629453,
-4.000000000000128,0.6617283950617785,
-3.990000000000128,0.6576912710066269,
-3.9800000000001283,0.6535177456774884,
-3.9700000000001285,0.6492098137499461,
-3.9600000000001288,0.6447694519519176,
-3.950000000000129,0.6401986194138953,
-3.940000000000129,0.6354992580127085,
-3.9300000000001294,0.6306732927089224,
-3.9200000000001296,0.6257226318778865,
-3.91000000000013,0.6206491676345489,
-3.90000000000013,0.6154547761520773,
-3.8900000000001302,0.6101413179743591,
-3.8800000000001305,0.6047106383224509,
-3.8700000000001307,0.5991645673950415,
-3.860000000000131,0.5935049206629994,
-3.850000000000131,0.5877334991580432,
-3.8400000000001313,0.581852089755657,
-3.8300000000001315,0.5758624654522471,
-3.8200000000001317,0.5697663856366593,
-3.810000000000132,0.5635655963560854,
-3.800000000000132,0.5572618305764507,
-3.7900000000001324,0.5508568084373109,
-3.7800000000001326,0.5443522375013603,
-3.770000000000133,0.5377498129985818,
-3.760000000000133,0.5310512180651206,
-3.7500000000001332,0.5242581239769344,
-3.7400000000001334,0.5173721903782791,
-3.7300000000001337,0.510395065505103,
-3.720000000000134,0.5033283864033906,
-3.710000000000134,0.4961737791425385,
-3.7000000000001343,0.488932859023805,
-3.6900000000001345,0.4816072307839045,
-3.6800000000001347,0.47419848879379856,
-3.670000000000135,0.4667082172527352,
-3.660000000000135,0.4591379903776298,
-3.6500000000001354,0.45148937258779226,
-3.6400000000001356,0.4437639186851002,
-3.630000000000136,0.4359631740296587,
-3.620000000000136,0.42808867471100115,
-3.610000000000136,0.4201419477148976,
-3.6000000000001364,0.41212451108582465,
-3.5900000000001366,0.4040378740851266,
-3.580000000000137,0.3958835373449807,
-3.570000000000137,0.38766299301814966,
-3.5600000000001373,0.3793777249236496,
-3.5500000000001375,0.371029208688313,
-3.5400000000001377,0.36261891188436585,
-3.530000000000138,0.354148294163041,
-3.520000000000138,0.3456188073842676,
-3.5100000000001383,0.337031895742531,
-3.5000000000001386,0.3283889958889128,
-3.4900000000001388,0.31969153704938896,
-3.480000000000139,0.31094094113943627,
-3.470000000000139,0.30213862287497895,
-3.4600000000001394,0.2932859898797535,
-3.4500000000001396,0.28438444278912134,
-3.44000000000014,0.27543537535039614,
-3.43000000000014,0.26644017451971125,
-3.4200000000001403,0.25740022055551515,
-3.4100000000001405,0.24831688710870736,
-3.4000000000001407,0.2391915413094754,
-3.390000000000141,0.23002554385090307,
-3.380000000000141,0.22082024906935738,
-3.3700000000001413,0.21157700502174306,
-3.3600000000001415,0.20229715355964617,
-3.3500000000001418,0.19298203040041642,
-3.340000000000142,0.1836329651952555,
-3.330000000000142,0.1742512815943239,
-3.3200000000001424,0.16483829730895286,
-3.3100000000001426,0.15539532417096838,
-3.300000000000143,0.14592366818919808,
-3.290000000000143,0.13642462960320287,
-3.2800000000001432,0.1268995029342661,
-3.2700000000001435,0.11734957703369978,
-3.2600000000001437,0.10777613512850505,
-3.250000000000144,0.09818045486442198,
-3.240000000000144,0.08856380834643511,
-3.2300000000001443,0.0789274621767596,
-3.2200000000001445,0.0692726774903516,
-3.2100000000001447,0.05960070998799141,
-3.200000000000145,0.049912809966983995,
-3.190000000000145,0.04021022234951556,
-3.1800000000001454,0.03049418670870209,
-3.1700000000001456,0.0207659372923759,
-3.160000000000146,0.01102670304466076,
-3.150000000000146,0.0012777076253594755,
-3.1400000000001462,-0.008479830572799607,
-3.1300000000001464,-0.01824469840900471,
-3.1200000000001467,-0.028015687981273282,
-3.110000000000147,-0.0377915966153798,
-3.100000000000147,-0.04757122685576247,
-3.0900000000001473,-0.057353386458373054,
-3.0800000000001475,-0.06713688838544012,
-3.0700000000001477,-0.07692055080207372,
-3.060000000000148,-0.08670319707472576,
-3.050000000000148,-0.09648365577142035,
-3.0400000000001484,-0.10626076066374027,
-3.0300000000001486,-0.11603335073054025,
-3.020000000000149,-0.12580027016332282,
-3.010000000000149,-0.13556036837326457,
-3.000000000000149,-0.1453124999998545,
-2.9900000000001494,-0.15505552492109143,
-2.9800000000001496,-0.16478830826522475,
-2.97000000000015,-0.17450972042399163,
-2.96000000000015,-0.18421863706732183,
-2.9500000000001503,-0.19391393915947033,
-2.9400000000001505,-0.2035945129765521,
-2.9300000000001507,-0.21325925012542582,
-2.920000000000151,-0.22290704756392926,
-2.910000000000151,-0.23253680762238674,
-2.9000000000001513,-0.24214743802638988,
-2.8900000000001516,-0.251737851920811,
-2.8800000000001518,-0.26130696789500785,
-2.870000000000152,-0.2708537100091931,
-2.860000000000152,-0.2803770078219408,
-2.8500000000001524,-0.2898757964187905,
-2.8400000000001526,-0.2993490164419258,
-2.830000000000153,-0.30879561412088546,
-2.820000000000153,-0.3182145413042896,
-2.8100000000001533,-0.32760475549253837,
-2.8000000000001535,-0.3369652198714613,
-2.7900000000001537,-0.34629490334688506,
-2.780000000000154,-0.3555927805800843,
-2.770000000000154,-0.36485783202409616,
-2.7600000000001543,-0.3740890439608657,
-2.7500000000001545,-0.38328540853918436,
-2.7400000000001548,-0.392445923813409,
-2.730000000000155,-0.40156959378292295,
-2.720000000000155,-0.41065542843230896,
-2.7100000000001554,-0.4197024437722161,
-2.7000000000001556,-0.428709661880887,
-2.690000000000156,-0.4376761109463147,
-2.680000000000156,-0.44660082530901296,
-2.6700000000001562,-0.4554828455053601,
-2.6600000000001565,-0.4643212183115072,
-2.6500000000001567,-0.47311499678780133,
-2.640000000000157,-0.4818632403237225,
-2.630000000000157,-0.490565014683291,
-2.6200000000001573,-0.49921939205093124,
-2.6100000000001575,-0.5078254510777565,
-2.6000000000001577,-0.5163822769282604,
-2.590000000000158,-0.5248889613273848,
-2.580000000000158,-0.5333446026079395,
-2.5700000000001584,-0.5417483057583508,
-2.5600000000001586,-0.5500991824707231,
-2.550000000000159,-0.5583963511891694,
-2.540000000000159,-0.5666389371584143,
-2.5300000000001592,-0.5748260724726247,
-2.5200000000001594,-0.5829568961244583,
-2.5100000000001597,-0.5910305540543017,
-2.50000000000016,-0.5990461991996764,
-2.49000000000016,-0.6070029915447978,
-2.4800000000001603,-0.6149000981702505,
-2.4700000000001605,-0.6227366933027768,
-2.4600000000001607,-0.6305119583651412,
-2.450000000000161,-0.638225082026063,
-2.440000000000161,-0.6458752602501872,
-2.4300000000001614,-0.6534616963480767,
-2.4200000000001616,-0.6609836010262058,
-2.410000000000162,-0.6684401924369355,
-2.400000000000162,-0.6758306962284522,
-2.390000000000162,-0.6831543455946429,
-2.3800000000001624,-0.6904103813248988,
-2.3700000000001626,-0.6975980518538223,
-2.360000000000163,-0.7047166133108145,
-2.350000000000163,-0.7117653295695369,
-2.3400000000001633,-0.7187434722972166,
-2.3300000000001635,-0.7256503210037841,
-2.3200000000001637,-0.7324851630908236,
-2.310000000000164,-0.7392472939003196,
-2.300000000000164,-0.7459360167631818,
-2.2900000000001643,-0.7525506430475289,
-2.2800000000001646,-0.7590904922067219,
-2.2700000000001648,-0.7655548918271186,
-2.260000000000165,-0.7719431776755455,
-2.250000000000165,-0.778254693746463,
-2.2400000000001654,-0.7844887923088085,
-2.2300000000001656,-0.790644833952506,
-2.220000000000166,-0.7967221876346225,
-2.210000000000166,-0.8027202307251594,
-2.2000000000001663,-0.8086383490524596,
-2.1900000000001665,-0.8144759369482213,
-2.1800000000001667,-0.8202323972920978,
-2.170000000000167,-0.825907141555875,
-2.160000000000167,-0.831499589847206,
-2.1500000000001673,-0.8370091709528968,
-2.1400000000001675,-0.8424353223817208,
-2.1300000000001678,-0.8477774904067554,
-2.120000000000168,-0.8530351301072253,
-2.110000000000168,-0.8582077054098391,
-2.1000000000001684,-0.8632946891296026,
-2.0900000000001686,-0.8682955630101078,
-2.080000000000169,-0.8732098177632706,
-2.070000000000169,-0.8780369531085163,
-2.0600000000001693,-0.8827764778113937,
-2.0500000000001695,-0.8874279097216123,
-2.0400000000001697,-0.8919907758104846,
-2.03000000000017,-0.8964646122077683,
-2.02000000000017,-0.9008489642378917,
-2.0100000000001703,-0.9051433864555571,
-2.0000000000001705,-0.9093474426807051,
-1.9900000000001705,-0.9134607060328355,
-1.9800000000001705,-0.9174827589646698,
-1.9700000000001705,-0.9214131932951495,
-1.9600000000001705,-0.9252516102417543,
-1.9500000000001705,-0.9289976204521372,
-1.9400000000001705,-0.9326508440350627,
-1.9300000000001705,-0.9362109105906393,
-1.9200000000001705,-0.9396774592398395,
-1.9100000000001705,-0.9430501386532953,
-1.9000000000001704,-0.9463286070793625,
-1.8900000000001704,-0.9495125323714441,
-1.8800000000001704,-0.9526015920145672,
-1.8700000000001704,-0.9555954731511992,
-1.8600000000001704,-0.9584938726063039,
-1.8500000000001704,-0.9612964969116209,
-1.8400000000001704,-0.9640030623291681,
-1.8300000000001704,-0.9666132948739543,
-1.8200000000001704,-0.9691269303358991,
-1.8100000000001704,-0.9715437143009498,
-1.8000000000001704,-0.9738634021713901,
-1.7900000000001703,-0.9760857591853335,
-1.7800000000001703,-0.9782105604353963,
-1.7700000000001703,-0.9802375908865403,
-1.7600000000001703,-0.9821666453930832,
-1.7500000000001703,-0.9839975287148678,
-1.7400000000001703,-0.9857300555325881,
-1.7300000000001703,-0.9873640504622595,
-1.7200000000001703,-0.9888993480688373,
-1.7100000000001703,-0.9903357928789689,
-1.7000000000001703,-0.991673239392882,
-1.6900000000001703,-0.9929115520953998,
-1.6800000000001702,-0.9940506054660796,
-1.6700000000001702,-0.9950902839884694,
-1.6600000000001702,-0.9960304821584817,
-1.6500000000001702,-0.9968711044918745,
-1.6400000000001702,-0.9976120655308405,
-1.6300000000001702,-0.9982532898496974,
-1.6200000000001702,-0.9987947120596798,
-1.6100000000001702,-0.9992362768128212,
-1.6000000000001702,-0.9995779388049334,
-1.5900000000001702,-0.9998196627776701,
-1.5800000000001702,-0.9999614235196795,
-1.5700000000001701,-1.0000032058668373,
-1.5600000000001701,-0.9999450047015596,
-1.5500000000001701,-0.9997868249511962,
-1.5400000000001701,-0.9995286815854947,
-1.5300000000001701,-0.9991705996131401,
-1.52000000000017,-0.9987126140773658,
-1.51000000000017,-0.9981547700506294,
-1.50000000000017,-0.9974971226283602,
-1.49000000000017,-0.9967397369217693,
-1.48000000000017,-0.9958826880497237,
-1.47000000000017,-0.994926061129684,
-1.46000000000017,-0.9938699512677024,
-1.45000000000017,-0.992714463547482,
-1.44000000000017,-0.9914597130184948,
-1.43000000000017,-0.9901058246831579,
-1.42000000000017,-0.9886529334830706,
-1.41000000000017,-0.9871011842843046,
-1.40000000000017,-0.9854507318617572,
-1.39000000000017,-0.983701740882556,
-1.38000000000017,-0.9818543858885254,
-1.37000000000017,-0.9799088512777078,
-1.36000000000017,-0.9778653312849438,
-1.35000000000017,-0.9757240299615098,
-1.34000000000017,-0.9734851611538141,
-1.33000000000017,-0.9711489484811534,
-1.32000000000017,-0.9687156253125272,
-1.31000000000017,-0.966185434742516,
-1.30000000000017,-0.9635586295662188,
-1.29000000000017,-0.9608354722532569,
-1.28000000000017,-0.9580162349208399,
-1.2700000000001699,-0.9551011993058987,
-1.2600000000001699,-0.9520906567362872,
-1.2500000000001699,-0.948984908101053,
-1.2400000000001699,-0.9457842638197785,
-1.2300000000001698,-0.9424890438109967,
-1.2200000000001698,-0.9390995774596832,
-1.2100000000001698,-0.935616203583823,
-1.2000000000001698,-0.9320392704000615,
-1.1900000000001698,-0.9283691354884346,
-1.1800000000001698,-0.9246061657561864,
-1.1700000000001698,-0.9207507374006737,
-1.1600000000001698,-0.9168032358713629,
-1.1500000000001698,-0.9127640558309174,
-1.1400000000001698,-0.9086336011153875,
-1.1300000000001698,-0.9044122846934943,
-1.1200000000001697,-0.9001005286250217,
-1.1100000000001697,-0.8956987640183132,
-1.1000000000001697,-0.8912074309868798,
-1.0900000000001697,-0.8866269786051222,
-1.0800000000001697,-0.8819578648631702,
-1.0700000000001697,-0.8772005566208453,
-1.0600000000001697,-0.8723555295607478,
-1.0500000000001697,-0.8674232681404744,
-1.0400000000001697,-0.8624042655439711,
-1.0300000000001697,-0.857299023632022,
-1.0200000000001697,-0.8521080528918841,
-1.0100000000001697,-0.8468318723860673,
-1.0000000000001696,-0.8414710097002681,
-0.9900000000001696,-0.8360260008904584,
-0.9800000000001696,-0.8304973904291387,
-0.9700000000001696,-0.8248857311507551,
-0.9600000000001696,-0.81919158419629,
-0.9500000000001696,-0.8134155189570292,
-0.9400000000001696,-0.8075581130175107,
-0.9300000000001696,-0.801619952097661,
-0.9200000000001696,-0.7956016299941256,
-0.9100000000001696,-0.7895037485207963,
-0.9000000000001696,-0.7833269174485429,
-0.8900000000001695,-0.7770717544441558,
-0.8800000000001695,-0.770738885008503,
-0.8700000000001695,-0.7643289424139096,
-0.8600000000001695,-0.7578425676407635,
-0.8500000000001695,-0.7512804093133559,
-0.8400000000001695,-0.7446431236349621,
-0.8300000000001695,-0.7379313743221655,
-0.8200000000001695,-0.7311458325384377,
-0.8100000000001695,-0.7242871768269746,
-0.8000000000001695,-0.7173560930427989,
-0.7900000000001695,-0.7103532742841348,
-0.7800000000001694,-0.7032794208230606,
-0.7700000000001694,-0.6961352400354477,
-0.7600000000001694,-0.6889214463301894,
-0.7500000000001694,-0.6816387610777324,
-0.7400000000001694,-0.6742879125379112,
-0.7300000000001694,-0.6668696357870976,
-0.7200000000001694,-0.6593846726446697,
-0.7100000000001694,-0.6518337715988087,
-0.7000000000001694,-0.6442176877316304,
-0.6900000000001694,-0.6365371826436589,
-0.6800000000001694,-0.628793024377651,
-0.6700000000001693,-0.6209859873417756,
-0.6600000000001693,-0.61311685223216,
-0.6500000000001693,-0.6051864059548075,
-0.6400000000001693,-0.5971954415468954,
-0.6300000000001693,-0.5891447580974614,
-0.6200000000001693,-0.5810351606674847,
-0.6100000000001693,-0.5728674602093721,
-0.6000000000001693,-0.5646424734858541,
-0.5900000000001693,-0.556361022988303,
-0.5800000000001693,-0.5480239368544773,
-0.5700000000001693,-0.5396320487857015,
-0.5600000000001693,-0.5311861979634926,
-0.5500000000001692,-0.5226872289656365,
-0.5400000000001692,-0.5141359916817266,
-0.5300000000001692,-0.5055333412281721,
-0.5200000000001692,-0.49688013786268226,
-0.5100000000001692,-0.4881772468982394,
-0.5000000000001692,-0.4794255386165644,
-0.4900000000001692,-0.4706258881810872,
-0.4800000000001692,-0.46177917554942866,
-0.47000000000016917,-0.45288628538540365,
-0.46000000000016916,-0.4439481069705533,
-0.45000000000016915,-0.4349655341152162,
-0.44000000000016914,-0.42593946506914687,
-0.43000000000016914,-0.4168708024316898,
-0.4200000000001691,-0.4077604530615198,
-0.4100000000001691,-0.3986093279859552,
-0.4000000000001691,-0.3894183423098559,
-0.3900000000001691,-0.38018841512411244,
-0.3800000000001691,-0.37092046941373685,
-0.3700000000001691,-0.36161543196556495,
-0.3600000000001691,-0.35227423327557766,
-0.35000000000016906,-0.34289780745585186,
-0.34000000000016906,-0.33348709214114947,
-0.33000000000016905,-0.32404302839515475,
-0.32000000000016904,-0.31456656061636845,
-0.31000000000016903,-0.3050586364436681,
-0.300000000000169,-0.2955202066615454,
-0.290000000000169,-0.285952225105028,
-0.280000000000169,-0.27635564856429695,
-0.270000000000169,-0.2667314366890079,
-0.260000000000169,-0.2570805518923276,
-0.250000000000169,-0.2474039592546926,
-0.24000000000016897,-0.23770262642730253,
-0.23000000000016896,-0.2279775235353553,
-0.22000000000016895,-0.21822962308103566,
-0.21000000000016894,-0.2084598998462657,
-0.20000000000016893,-0.19866933079522728,
-0.19000000000016892,-0.18885889497666675,
-0.1800000000001689,-0.1790295734259905,
-0.1700000000001689,-0.16918234906716256,
-0.1600000000001689,-0.15931820661441273,
-0.1500000000001689,-0.14943813247376625,
-0.14000000000016888,-0.13954311464440372,
-0.13000000000016887,-0.12963414261986234,
-0.12000000000016887,-0.11971220728908703,
-0.11000000000016888,-0.10977830083734268,
-0.10000000000016888,-0.0998334166469962,
-0.09000000000016889,-0.08987854919817925,
-0.0800000000001689,-0.07991469396934105,
-0.0700000000001689,-0.06994284733770126,
-0.0600000000001689,-0.05996400647961319,
-0.050000000000168895,-0.049979169270847015,
-0.040000000000168894,-0.039989334186802915,
-0.03000000000016889,-0.029995500202664473,
-0.02000000000016889,-0.019998666693501935,
-0.01000000000016889,-0.009999833334335547,
-1.6888920817414999e-13,-1.6888920817414999e-13,
0.009999999999831111,0.009999833333997784,
0.01999999999983111,0.019998666693164222,
0.029999999999831113,0.029995500202326848,
0.039999999999831115,0.03998933418646541,
0.04999999999983112,0.04997916927050966,
0.05999999999983112,0.05996400647927602,
0.06999999999983111,0.06994284733736429,
0.07999999999983111,0.07991469396900433,
0.0899999999998311,0.08987854919784284,
0.0999999999998311,0.09983341664666011,
0.1099999999998311,0.10977830083700693,
0.11999999999983109,0.11971220728875168,
0.12999999999983108,0.12963414261952738,
0.1399999999998311,0.13954311464406924,
0.1499999999998311,0.14943813247343224,
0.1599999999998311,0.15931820661407928,
0.16999999999983112,0.16918234906682966,
0.17999999999983113,0.1790295734256582,
0.18999999999983114,0.18885889497633507,
0.19999999999983115,0.1986693307948962,
0.20999999999983116,0.20845989984593533,
0.21999999999983116,0.218229623080706,
0.22999999999983117,0.2279775235350264,
0.23999999999983118,0.2377026264269744,
0.2499999999998312,0.24740395925436534,
0.2599999999998312,0.2570805518920012,
0.2699999999998312,0.2667314366886824,
0.2799999999998312,0.2763556485639723,
0.2899999999998312,0.2859522251047043,
0.29999999999983123,0.2955202066612227,
0.30999999999983124,0.3050586364433464,
0.31999999999983125,0.3145665606160478,
0.32999999999983126,0.3240430283948352,
0.33999999999983127,0.333487092140831,
0.3499999999998313,0.3428978074555345,
0.3599999999998313,0.35227423327526153,
0.3699999999998313,0.3616154319652501,
0.3799999999998313,0.3709204694134231,
0.3899999999998313,0.38018841512379997,
0.3999999999998313,0.3894183423095448,
0.40999999999983133,0.3986093279856454,
0.41999999999983134,0.40776045306121134,
0.42999999999983135,0.4168708024313828,
0.43999999999983136,0.4259394650688413,
0.44999999999983137,0.43496553411491207,
0.4599999999998314,0.4439481069702506,
0.4699999999998314,0.4528862853851025,
0.4799999999998314,0.46177917554912906,
0.4899999999998314,0.47062588818078915,
0.4999999999998314,0.4794255386162679,
0.5099999999998314,0.48817724689794456,
0.5199999999998314,0.4968801378623891,
0.5299999999998314,0.5055333412278806,
0.5399999999998314,0.514135991681437,
0.5499999999998314,0.5226872289653486,
0.5599999999998314,0.5311861979632063,
0.5699999999998314,0.5396320487854172,
0.5799999999998314,0.5480239368541947,
0.5899999999998314,0.5563610229880223,
0.5999999999998314,0.5646424734855753,
0.6099999999998315,0.5728674602090951,
0.6199999999998315,0.5810351606672098,
0.6299999999998315,0.5891447580971885,
0.6399999999998315,0.5971954415466244,
0.6499999999998315,0.6051864059545385,
0.6599999999998315,0.613116852231893,
0.6699999999998315,0.6209859873415108,
0.6799999999998315,0.6287930243773884,
0.6899999999998315,0.6365371826433984,
0.6999999999998315,0.6442176877313719,
0.7099999999998315,0.6518337715985526,
0.7199999999998316,0.6593846726444158,
0.7299999999998316,0.6668696357868458,
0.7399999999998316,0.6742879125376617,
0.7499999999998316,0.6816387610774851,
0.7599999999998316,0.6889214463299446,
0.7699999999998316,0.6961352400352052,
0.7799999999998316,0.7032794208228205,
0.7899999999998316,0.710353274283897,
0.7999999999998316,0.7173560930425635,
0.8099999999998316,0.7242871768267416,
0.8199999999998316,0.7311458325382073,
0.8299999999998317,0.7379313743219376,
0.8399999999998317,0.7446431236347366,
0.8499999999998317,0.7512804093131331,
0.8599999999998317,0.7578425676405429,
0.8699999999998317,0.7643289424136918,
0.8799999999998317,0.7707388850082877,
0.8899999999998317,0.7770717544439432,
0.8999999999998317,0.7833269174483328,
0.9099999999998317,0.789503748520589,
0.9199999999998317,0.7956016299939209,
0.9299999999998317,0.801619952097459,
0.9399999999998317,0.8075581130173115,
0.9499999999998318,0.8134155189568326,
0.9599999999998318,0.8191915841960963,
0.9699999999998318,0.8248857311505642,
0.9799999999998318,0.8304973904289504,
0.9899999999998318,0.8360260008902731,
0.9999999999998318,0.8414710097000855,
1.0099999999998317,0.8468318723858875,
1.0199999999998317,0.8521080528917072,
1.0299999999998317,0.8572990236318481,
1.0399999999998317,0.8624042655437999,
1.0499999999998317,0.8674232681403062,
1.0599999999998317,0.8723555295605825,
1.0699999999998318,0.877200556620683,
1.0799999999998318,0.8819578648630109,
1.0899999999998318,0.8866269786049659,
1.0999999999998318,0.8912074309867266,
1.1099999999998318,0.8956987640181628,
1.1199999999998318,0.9001005286248744,
1.1299999999998318,0.9044122846933501,
1.1399999999998318,0.9086336011152464,
1.1499999999998318,0.9127640558307794,
1.1599999999998318,0.9168032358712278,
1.1699999999998318,0.9207507374005418,
1.1799999999998319,0.9246061657560576,
1.1899999999998319,0.928369135488309,
1.1999999999998319,0.932039270399939,
1.2099999999998319,0.9356162035837039,
1.2199999999998319,0.939099577459567,
1.229999999999832,0.9424890438108838,
1.239999999999832,0.9457842638196686,
1.249999999999832,0.9489849081009464,
1.259999999999832,0.9520906567361839,
1.269999999999832,0.9551011993057985,
1.279999999999832,0.9580162349207432,
1.289999999999832,0.9608354722531636,
1.299999999999832,0.9635586295661286,
1.309999999999832,0.9661854347424287,
1.319999999999832,0.9687156253124434,
1.329999999999832,0.9711489484810728,
1.339999999999832,0.9734851611537367,
1.349999999999832,0.9757240299614355,
1.359999999999832,0.9778653312848731,
1.369999999999832,0.9799088512776403,
1.379999999999832,0.9818543858884614,
1.389999999999832,0.9837017408824954,
1.399999999999832,0.9854507318616997,
1.409999999999832,0.9871011842842505,
1.419999999999832,0.9886529334830196,
1.429999999999832,0.9901058246831104,
1.439999999999832,0.9914597130184507,
1.449999999999832,0.9927144635474414,
1.459999999999832,0.9938699512676651,
1.469999999999832,0.9949260611296501,
1.4799999999998321,0.9958826880496932,
1.4899999999998321,0.996739736921742,
1.4999999999998321,0.9974971226283363,
1.5099999999998321,0.9981547700506089,
1.5199999999998322,0.9987126140773486,
1.5299999999998322,0.9991705996131267,
1.5399999999998322,0.9995286815854844,
1.5499999999998322,0.9997868249511891,
1.5599999999998322,0.9999450047015561,
1.5699999999998322,1.000003205866837,
1.5799999999998322,0.9999614235196826,
1.5899999999998322,0.9998196627776765,
1.5999999999998322,0.9995779388049431,
1.6099999999998322,0.9992362768128344,
1.6199999999998322,0.9987947120596966,
1.6299999999998322,0.9982532898497177,
1.6399999999998323,0.9976120655308638,
1.6499999999998323,0.9968711044919013,
1.6599999999998323,0.9960304821585119,
1.6699999999998323,0.9950902839885029,
1.6799999999998323,0.9940506054661165,
1.6899999999998323,0.9929115520954402,
1.6999999999998323,0.9916732393929256,
1.7099999999998323,0.9903357928790157,
1.7199999999998323,0.9888993480688876,
1.7299999999998323,0.987364050462313,
1.7399999999998323,0.9857300555326449,
1.7499999999998324,0.9839975287149281,
1.7599999999998324,0.9821666453931467,
1.7699999999998324,0.9802375908866071,
1.7799999999998324,0.9782105604354665,
1.7899999999998324,0.976085759185407,
1.7999999999998324,0.9738634021714665,
1.8099999999998324,0.9715437143010296,
1.8199999999998324,0.9691269303359823,
1.8299999999998324,0.9666132948740408,
1.8399999999998324,0.964003062329258,
1.8499999999998324,0.961296496911714,
1.8599999999998325,0.9584938726064002,
1.8699999999998325,0.9555954731512987,
1.8799999999998325,0.9526015920146699,
1.8899999999998325,0.9495125323715501,
1.8999999999998325,0.9463286070794716,
1.9099999999998325,0.9430501386534079,
1.9199999999998325,0.939677459239955,
1.9299999999998325,0.936210910590758,
1.9399999999998325,0.9326508440351846,
1.9499999999998325,0.9289976204522623,
1.9599999999998325,0.9252516102418824,
1.9699999999998326,0.9214131932952807,
1.9799999999998326,0.9174827589648041,
1.9899999999998326,0.9134607060329729,
1.9999999999998326,0.9093474426808457,
2.0099999999998324,0.9051433864557008,
2.019999999999832,0.9008489642380383,
2.029999999999832,0.896464612207918,
2.0399999999998317,0.891990775810637,
2.0499999999998315,0.8874279097217678,
2.0599999999998313,0.8827764778115523,
2.069999999999831,0.8780369531086777,
2.079999999999831,0.8732098177634351,
2.0899999999998307,0.8682955630102752,
2.0999999999998304,0.863294689129773,
2.1099999999998302,0.8582077054100125,
2.11999999999983,0.8530351301074021,
2.12999999999983,0.8477774904069344,
2.1399999999998296,0.8424353223819024,
2.1499999999998294,0.8370091709530815,
2.159999999999829,0.8314995898473937,
2.169999999999829,0.825907141556065,
2.1799999999998287,0.8202323972922909,
2.1899999999998285,0.8144759369484171,
2.1999999999998283,0.8086383490526583,
2.209999999999828,0.8027202307253608,
2.219999999999828,0.7967221876348267,
2.2299999999998277,0.7906448339527129,
2.2399999999998275,0.784488792309018,
2.2499999999998272,0.7782546937466751,
2.259999999999827,0.77194317767576,
2.269999999999827,0.7655548918273358,
2.2799999999998266,0.7590904922069416,
2.2899999999998264,0.7525506430477511,
2.299999999999826,0.7459360167634066,
2.309999999999826,0.7392472939005472,
2.3199999999998258,0.7324851630910534,
2.3299999999998255,0.7256503210040166,
2.3399999999998253,0.7187434722974515,
2.349999999999825,0.7117653295697743,
2.359999999999825,0.7047166133110538,
2.3699999999998247,0.6975980518540641,
2.3799999999998245,0.6904103813251433,
2.3899999999998243,0.6831543455948893,
2.399999999999824,0.6758306962287005,
2.409999999999824,0.6684401924371863,
2.4199999999998236,0.6609836010264586,
2.4299999999998234,0.6534616963483316,
2.439999999999823,0.6458752602504448,
2.449999999999823,0.6382250820263226,
2.4599999999998228,0.630511958365403,
2.4699999999998226,0.6227366933030404,
2.4799999999998223,0.6149000981705167,
2.489999999999822,0.6070029915450659,
2.499999999999822,0.5990461991999465,
2.5099999999998217,0.5910305540545734,
2.5199999999998215,0.5829568961247323,
2.5299999999998213,0.5748260724729006,
2.539999999999821,0.5666389371586918,
2.549999999999821,0.5583963511894489,
2.5599999999998206,0.5500991824710041,
2.5699999999998204,0.5417483057586342,
2.57999999999982,0.5333446026082239,
2.58999999999982,0.5248889613276713,
2.59999999999982,0.5163822769285488,
2.6099999999998196,0.5078254510780467,
2.6199999999998194,0.4992193920512233,
2.629999999999819,0.4905650146835843,
2.639999999999819,0.48186324032401723,
2.6499999999998187,0.4731149967880976,
2.6599999999998185,0.46432121831180573,
2.6699999999998183,0.4554828455056602,
2.679999999999818,0.44660082530931333,
2.689999999999818,0.437676110946617,
2.6999999999998177,0.4287096618811904,
2.7099999999998174,0.4197024437725209,
2.7199999999998172,0.41065542843261577,
2.729999999999817,0.4015695937832306,
2.739999999999817,0.3924459238137187,
2.7499999999998166,0.3832854085394948,
2.7599999999998164,0.37408904396117726,
2.769999999999816,0.364857832024409,
2.779999999999816,0.35559278058039767,
2.7899999999998157,0.34629490334720003,
2.7999999999998155,0.3369652198717773,
2.8099999999998153,0.327604755492855,
2.819999999999815,0.3182145413046072,
2.829999999999815,0.30879561412120443,
2.8399999999998147,0.29934901644224565,
2.8499999999998145,0.2898757964191113,
2.8599999999998142,0.28037700782226205,
2.869999999999814,0.2708537100095157,
2.879999999999814,0.26130696789533087,
2.8899999999998136,0.25173785192113485,
2.8999999999998134,0.24214743802671443,
2.909999999999813,0.23253680762271195,
2.919999999999813,0.2229070475642556,
2.9299999999998128,0.21325925012575253,
2.9399999999998125,0.20359451297687864,
2.9499999999998123,0.1939139391597983,
2.959999999999812,0.1842186370676501,
2.969999999999812,0.1745097204243197,
2.9799999999998117,0.1647883082655539,
2.9899999999998115,0.1550555249214208,
2.9999999999998113,0.14531250000018386,
3.009999999999811,0.13556036837359445,
3.019999999999811,0.12580027016365236,
3.0299999999998106,0.1160333507308705,
3.0399999999998104,0.10626076066407042,
3.04999999999981,0.09648365577175098,
3.05999999999981,0.08670319707505691,
3.0699999999998098,0.07692055080240459,
3.0799999999998096,0.06713688838577025,
3.0899999999998093,0.0573533864587044,
3.099999999999809,0.04757122685609244,
3.109999999999809,0.0377915966157098,
3.1199999999998087,0.02801568798160381,
3.1299999999998085,0.01824469840933507,
3.1399999999998083,0.008479830573129399,
3.149999999999808,-0.0012777076250297253,
3.159999999999808,-0.011026703044332203,
3.1699999999998076,-0.020765937292047135,
3.1799999999998074,-0.030494186708373172,
3.189999999999807,-0.040210222349187655,
3.199999999999807,-0.0499128099666557,
3.209999999999807,-0.05960070998766434,
3.2199999999998066,-0.06927267749002525,
3.2299999999998064,-0.07892746217643425,
3.239999999999806,-0.08856380834610979,
3.249999999999806,-0.09818045486409677,
3.2599999999998057,-0.10777613512818131,
3.2699999999998055,-0.11734957703337759,
3.2799999999998053,-0.12689950293394398,
3.289999999999805,-0.13642462960288115,
3.299999999999805,-0.14592366818887723,
3.3099999999998047,-0.1553953241706476,
3.3199999999998044,-0.16483829730863372,
3.3299999999998042,-0.17425128159400644,
3.339999999999804,-0.183632965194938,
3.349999999999804,-0.19298203040010228,
3.3599999999998036,-0.202297153559332,
3.3699999999998034,-0.21157700502143076,
3.379999999999803,-0.22082024906904618,
3.389999999999803,-0.23002554385059254,
3.3999999999998027,-0.23919154130916723,
3.4099999999998025,-0.24831688710839964,
3.4199999999998023,-0.25740022055521017,
3.429999999999802,-0.2664401745194064,
3.439999999999802,-0.27543537535009327,
3.4499999999998017,-0.284384442788821,
3.4599999999998015,-0.293285989879453,
3.4699999999998012,-0.3021386228746815,
3.479999999999801,-0.3109409411391396,
3.489999999999801,-0.31969153704909337,
3.4999999999998006,-0.32838899588862036,
3.5099999999998004,-0.33703189574223935,
3.5199999999998,-0.34561880738397954,
3.5299999999998,-0.35414829416275395,
3.5399999999997998,-0.36261891188408096,
3.5499999999997995,-0.3710292086880286,
3.5599999999997993,-0.3793777249233691,
3.569999999999799,-0.3876629930178719,
3.579999999999799,-0.3958835373447019,
3.5899999999997987,-0.40403787408485287,
3.5999999999997985,-0.4121245110855511,
3.6099999999997983,-0.4201419477146298,
3.619999999999798,-0.428088674710733,
3.629999999999798,-0.43596317402939216,
3.6399999999997976,-0.44376391868483783,
3.6499999999997974,-0.45148937258753247,
3.659999999999797,-0.4591379903773728,
3.669999999999797,-0.4667082172524803,
3.6799999999997968,-0.47419848879354626,
3.6899999999997966,-0.48160723078365614,
3.6999999999997963,-0.48893285902355943,
3.709999999999796,-0.4961737791422945,
3.719999999999796,-0.5033283864031504,
3.7299999999997957,-0.5103950655048665,
3.7399999999997955,-0.5173721903780456,
3.7499999999997953,-0.5242581239767027,
3.759999999999795,-0.5310512180648919,
3.769999999999795,-0.5377498129983558,
3.7799999999997946,-0.544352237501138,
3.7899999999997944,-0.5508568084370931,
3.799999999999794,-0.5572618305762347,
3.809999999999794,-0.5635655963558736,
3.819999999999794,-0.5697663856364512,
3.8299999999997936,-0.5758624654520427,
3.8399999999997934,-0.581852089755456,
3.849999999999793,-0.5877334991578457,
3.859999999999793,-0.5935049206628064,
3.8699999999997927,-0.5991645673948539,
3.8799999999997925,-0.6047106383222641,
3.8899999999997923,-0.6101413179741777,
3.899999999999792,-0.6154547761518994,
3.909999999999792,-0.6206491676343745,
3.9199999999997917,-0.6257226318777162,
3.9299999999997914,-0.6306732927087567,
3.9399999999997912,-0.6354992580125464,
3.949999999999791,-0.6401986194137352,
3.959999999999791,-0.6447694519517655,
3.9699999999997906,-0.6492098137497959,
3.9799999999997904,-0.6535177456773443,
3.98999999999979,-0.6576912710064864,
3.99999999999979,-0.6617283950616435,
4.00999999999979,-0.6656271048628157,
4.01999999999979,-0.6693853687622199,
4.02999999999979,-0.6730011360742784,
4.0399999999997895,-0.6764723366988461,
4.049999999999789,-0.6797968807376542,
4.059999999999789,-0.6829726581038539,
4.069999999999789,-0.6859975381246209,
4.079999999999789,-0.6888693691367573,
4.0899999999997885,-0.691585978075136,
4.099999999999788,-0.6941451700540664,
4.109999999999788,-0.696544727941355,
4.119999999999788,-0.698782411925074,
4.129999999999788,-0.7008559590729393,
4.139999999999787,-0.70276308288425,
4.149999999999787,-0.7045014728342449,
4.159999999999787,-0.7060687939109029,
4.169999999999787,-0.707462686144009,
4.1799999999997866,-0.708680764126493,
4.189999999999786,-0.7097206165278984,
4.199999999999786,-0.7105798055999843,
4.209999999999786,-0.7112558666742648,
4.219999999999786,-0.7117463076515456,
4.2299999999997855,-0.7120486084832776,
4.239999999999785,-0.7121602206446771,
4.249999999999785,-0.7120785665995681,
4.259999999999785,-0.7118010392568241,
4.269999999999785,-0.7113250014183425,
4.279999999999784,-0.7106477852184789,
4.289999999999784,-0.7097666915548575,
4.299999999999784,-0.7086789895104912,
4.309999999999784,-0.7073819157670607,
4.319999999999784,-0.7058726740094117,
4.329999999999783,-0.7041484343210016,
4.339999999999783,-0.7022063325704031,
4.349999999999783,-0.7000434697886211,
4.359999999999783,-0.6976569115372557,
4.3699999999997825,-0.6950436872673516,
4.379999999999782,-0.6922007896689013,
4.389999999999782,-0.6891251740108626,
4.399999999999782,-0.6858137574716794,
4.409999999999782,-0.682263418460147,
4.419999999999781,-0.6784709959265629,
4.429999999999781,-0.6744332886641196,
4.439999999999781,-0.6701470546003643,
4.449999999999781,-0.665609010078708,
4.459999999999781,-0.660815829129886,
4.46999999999978,-0.6557641427332577,
4.47999999999978,-0.6504505380678642,
4.48999999999978,-0.6448715577531638,
4.49999999999978,-0.6390236990793712,
4.5099999999997795,-0.6329034132272575,
4.519999999999779,-0.626507104477378,
4.529999999999779,-0.6198311294085888,
4.539999999999779,-0.6128717960858294,
4.549999999999779,-0.605625363236979,
4.5599999999997785,-0.5980880394187831,
4.569999999999778,-0.5902559821717164,
4.579999999999778,-0.5821252971636994,
4.589999999999778,-0.573692037322556,
4.599999999999778,-0.5649522019571624,
4.609999999999777,-0.5559017358671361,
4.619999999999777,-0.546536528441,
4.629999999999777,-0.5368524127427636,
4.639999999999777,-0.5268451645867152,
4.6499999999997765,-0.516510501600465,
4.659999999999776,-0.505844082276039,
4.669999999999776,-0.49484150500897695,
4.679999999999776,-0.4834983071253056,
4.689999999999776,-0.4718099638963409,
4.6999999999997755,-0.4597718875411463,
4.709999999999775,-0.4473794262166231,
4.719999999999775,-0.43462786299504197,
4.729999999999775,-0.4215124148290492,
4.739999999999775,-0.408028231503907,
4.749999999999774,-0.39417039457694303,
4.759999999999774,-0.3799339163041049,
4.769999999999774,-0.36531373855349436,
4.779999999999774,-0.35030473170579013,
4.7899999999997736,-0.3349016935414566,
4.799999999999773,-0.31909934811465357,
4.809999999999773,-0.30289234461365444,
4.819999999999773,-0.2862752562078472,
4.829999999999773,-0.26924257888101977,
4.8399999999997725,-0.2517887302509143,
4.849999999999772,-0.23390804837496937,
4.859999999999772,-0.2155947905421005,
4.869999999999772,-0.19684313205042425,
4.879999999999772,-0.17764716497079558,
4.889999999999771,-0.15800089689613017,
4.899999999999771,-0.1378982496762564,
4.909999999999771,-0.11733305813838246,
4.919999999999771,-0.09629906879287997,
4.929999999999771,-0.07478993852440308,
4.93999999999977,-0.052799233268195245,
4.94999999999977,-0.030320426671409884,
4.95999999999977,-0.007346898739477581,
4.96999999999977,0.01612806553277224,
4.9799999999997695,0.040111277545163304,
4.989999999999769,0.06460964649168499,
4.999999999999769,0.08963018077543161,
5.009999999999769,0.11517998943917274,
5.019999999999769,0.1412662836116807,
5.029999999999768,0.16789637796979218,
5.039999999999768,0.1950776922165156,
5.049999999999768,0.22281775257515957,
5.059999999999768,0.25112419329965885,
5.069999999999768,0.280004758201172,
5.079999999999767,0.30946730219108254,
5.089999999999767,0.3395197928406395,
5.099999999999767,0.37017031195709116,
5.109999999999767,0.40142705717669536,
5.1199999999997665,0.43329834357458097,
5.129999999999766,0.4657926052916501,
5.139999999999766,0.49891839717855646,
5.149999999999766,0.5326843964569887,
5.159999999999766,0.5670994043982382,
5.1699999999997654,0.6021723480194119,
5.179999999999765,0.6379122817971075,
5.189999999999765,0.6743283893988741,
5.199999999999765,0.711429985432626,
5.209999999999765,0.7492265172138639,
5.219999999999764,0.7877275665511769,
5.229999999999764,0.8269428515498767,
5.239999999999764,0.8668822284340383,
5.249999999999764,0.9075556933870175,
5.2599999999997635,0.9489733844105359,
5.269999999999763,0.9911455832026057,
5.279999999999763,1.0340827170542166,
5.289999999999763,1.0777953607650659,
5.299999999999763,1.1222942385784513,
5.3099999999997625,1.1675902261353084,
5.319999999999762,1.2136943524477815,
5.329999999999762,1.2606178018921401,
5.339999999999762,1.3083719162214766,
5.349999999999762,1.3569681965981104,
5.359999999999761,1.4064183056459019,
5.369999999999761,1.4567340695226392,
5.379999999999761,1.5079274800125742,
5.389999999999761,1.56001069663923,
5.3999999999997605,1.6129960487987258,
5.40999999999976,1.6668960379135829,
5.41999999999976,1.7217233396073546,
5.42999999999976,1.7774908058999745,
5.43999999999976,1.8342114674241632,
5.4499999999997595,1.8918985356629499,
5.459999999999759,1.9505654052083923,
5.469999999999759,2.0102256560417686,
5.479999999999759,2.0708930558352368,
5.489999999999759,2.132581562275176,
5.499999999999758,2.195305325407354,
5.509999999999758,2.259078690004028,
5.519999999999758,2.3239161979531637,
5.529999999999758,2.389832590669789,
5.539999999999758,2.45684281152986,
5.549999999999757,2.524962008326545,
5.559999999999757,2.594205535749147,
5.569999999999757,2.6645889578849378,
5.579999999999757,2.736128050743778,
5.5899999999997565,2.8088388048059674,
5.599999999999756,2.8827374275932414,
5.609999999999756,2.957840346263181,
5.619999999999756,3.0341642102271145,
5.629999999999756,3.1117258937917214,
5.639999999999755,3.1905424988244384,
5.649999999999755,3.27063135744282,
5.659999999999755,3.3520100347280355,
5.669999999999755,3.4346963314626464,
5.679999999999755,3.518708286892643,
5.689999999999754,3.604064181514328,
5.699999999999754,3.690782539885575,
5.709999999999754,3.7788821334622753,
5.719999999999754,3.868381983459493,
5.7299999999997535,3.9593013637380388,
5.739999999999753,4.051659803716245,
5.749999999999753,4.145477091307129,
5.759999999999753,4.240773275881395,
5.769999999999753,4.337568671256012,
5.7799999999997524,4.435883858708884,
5.789999999999752,4.535739690019465,
5.799999999999752,4.637157290535736,
5.809999999999752,4.740158062267568,
5.819999999999752,4.844763687006541,
5.829999999999751,4.950996129472653,
5.839999999999751,5.058877640487783,
5.849999999999751,5.1684307601761965,
5.859999999999751,5.279678321192257,
5.8699999999997505,5.39264345197563,
5.87999999999975,5.507349580033743,
5.88999999999975,5.623820435252156,
5.89999999999975,5.7420800532326375,
5.90999999999975,5.862152778659297,
5.9199999999997495,5.984063268692914,
5.929999999999749,6.107836496393482,
5.939999999999749,6.233497754171406,
5.949999999999749,6.361072657267208,
5.959999999999749,6.490587147260175,
5.969999999999748,6.622067495605908,
5.979999999999748,6.755540307203081,
5.989999999999748,6.891032523989576,
5.999999999999748,7.028571428567936,
6.0099999999997475,7.16818464786067,
6.019999999999747,7.309900156795258,
6.029999999999747,7.4537462820192815,
6.039999999999747,7.599751705645595,
6.049999999999747,7.747945469027876,
6.0599999999997465,7.89835697656676,
6.069999999999746,8.051015999546603,
6.079999999999746,8.205952680003012,
6.089999999999746,8.363197534621676,
6.099999999999746,8.522781458668042,
6.109999999999745,8.684735729948649,
6.119999999999745,8.849092012803943,
6.129999999999745,9.015882362132757,
6.139999999999745,9.185139227448722,
6.149999999999745,9.356895456968815,
6.159999999999744,9.531184301734164,
6.169999999999744,9.708039419763239,
6.179999999999744,9.887494880237618,
6.189999999999744,10.069585167720689,
6.1999999999997435,10.254345186409338,
6.209999999999743,10.441810264418478,
6.219999999999743,10.632016158099432,
6.229999999999743,10.824999056391341,
6.239999999999743,11.020795585206635,
6.249999999999742,11.2194428118502,
6.259999999999742,11.420978249472647,
6.269999999999742,11.625439861557908,
6.279999999999742,11.832866066445206,
6.289999999999742,12.043295741885593,
6.299999999999741,12.2567682296335,
6.309999999999741,12.473323340073108,
6.319999999999741,12.693001356879861,
6.329999999999741,12.915843041717636,
6.3399999999997405,13.141889638971136,
6.34999999999974,13.371182880514233,
6.35999999999974,13.603764990514279,
6.36999999999974,13.839678690272343,
6.37999999999974,14.07896720310005,
6.389999999999739,14.321674259232758,
6.399999999999739,14.567844100779432,
6.409999999999739,14.817521486709488,
6.419999999999739,15.070751697876837,
6.429999999999739,15.32758054208091,
6.439999999999738,15.588054359165533,
6.449999999999738,15.852220026155152,
6.459999999999738,16.120124962429315,
6.469999999999738,16.391817134934747,
6.4799999999997375,16.66734506343618,
6.489999999999737,16.94675782580528,
6.499999999999737,17.230105063348482,
6.509999999999737,17.517436986173664,
6.519999999999737,17.808804378595667,
6.5299999999997365,18.10425860458143,
6.539999999999736,18.403851613234323,
6.549999999999736,18.707635944318298,
6.559999999999736,19.01566473382188,
6.569999999999736,19.3279917195622,
6.579999999999735,19.644671246829475,
6.589999999999735,19.965758274071582,
6.599999999999735,20.291308378619902,
6.609999999999735,20.621377762455566,
6.6199999999997345,20.95602325801714,
6.629999999999734,21.295302334049367,
6.639999999999734,21.639273101493643,
6.649999999999734,21.98799431942001,
6.659999999999734,22.34152540100156,
6.6699999999997335,22.699926419530172,
6.679999999999733,23.063258114475502,
6.689999999999733,23.431581897585872,
6.699999999999733,23.80495985903248,
6.709999999999733,24.18345477359601,
6.719999999999732,24.567130106897153,
6.729999999999732,24.95605002166984,
6.739999999999732,25.350279384078817,
6.749999999999732,25.749883770080416,
6.759999999999732,26.15492947182787,
6.769999999999731,26.56548350412082,
6.779999999999731,26.98161361089919,
6.789999999999731,27.403388271781807,
6.799999999999731,27.830876708650152,
6.8099999999997305,28.264148892277035,
6.81999999999973,28.703275549001006,
6.82999999999973,29.14832816744581,
6.83999999999973,29.599379005286167,
6.84999999999973,30.056501096059534,
6.859999999999729,30.519768256023866,
6.869999999999729,30.98925509106205,
6.879999999999729,31.465037003633213,
6.889999999999729,31.947190199770603,
6.899999999999729,32.435791696127055,
6.909999999999728,32.93091932706747,
6.919999999999728,33.43265175180922,
6.929999999999728,33.94106846161023,
6.939999999999728,34.45624978700526,
6.9499999999997275,34.978276905090354,
6.959999999999727,35.50723184685582,
6.969999999999727,36.043197504568326,
6.979999999999727,36.58625763920149,
6.989999999999727,37.136496887916095,
6.999999999999726,37.69400077158957,
7.009999999999726,38.258855702395124,
7.019999999999726,38.83114899143101,
7.029999999999726,39.410968856399904,
7.039999999999726,39.998404429338606,
7.049999999999725,40.593545764398115,
7.059999999999725,41.196483845675445,
7.069999999999725,41.80731059509556,
7.079999999999725,42.42611888034506,
7.0899999999997245,43.05300252285777,
7.099999999999724,43.6880563058516,
7.109999999999724,44.33137598241794,
7.119999999999724,44.9830582836629,
7.129999999999724,45.643200926901685,
7.1399999999997235,46.31190262390527,
7.149999999999723,46.989263089200136,
7.159999999999723,47.675383048422006,
7.169999999999723,48.37036424672172,
7.179999999999723,49.07430945722632,
7.189999999999722,49.78732248955342,
7.199999999999722,50.50950819837982,
7.209999999999722,51.24097249206477,
7.219999999999722,51.9818223413281,
7.2299999999997215,52.73216578798325,
7.239999999999721,53.492111953725384,
7.249999999999721,54.26177104897543,
7.259999999999721,55.04125438177934,
7.269999999999721,55.830674366763986,
7.2799999999997205,56.63014453414873,
7.28999999999972,57.43977953881377,
7.29999999999972,58.25969516942553,
7.30999999999972,59.0900083576184,
7.31999999999972,59.9308371872344,
7.329999999999719,60.78230090362021,
7.339999999999719,61.644519922981715,
7.349999999999719,62.517615841796925,
7.359999999999719,63.40171144628684,
7.3699999999997186,64.2969307219456,
7.379999999999718,65.20339886312846,
7.389999999999718,66.12124228269991,
7.399999999999718,67.05058862174012,
7.409999999999718,67.99156675931181,
7.4199999999997175,68.94430682228645,
7.429999999999717,69.90894019523122,
7.439999999999717,70.88559953035545,
7.449999999999717,71.87441875751858,
7.459999999999717,72.87553309429856,
7.469999999999716,73.88907905612206,
7.479999999999716,74.91519446645489,
7.489999999999716,75.95401846705562,
7.499999999999716,77.00569152829024,
7.509999999999716,78.07035545950978,
7.519999999999715,79.14815341948946,
7.529999999999715,80.23922992693187,
7.539999999999715,81.34373087103216,
7.549999999999715,82.46180352210754,
7.5599999999997145,83.59359654228953,
7.569999999999714,84.73925999628085,
7.579999999999714,85.89894536217588,
7.589999999999714,87.07280554234603,
7.599999999999714,88.26099487438975,
7.609999999999713,89.46366914214727,
7.619999999999713,90.68098558678076,
7.629999999999713,91.9131029179205,
7.639999999999713,93.16018132487602,
7.649999999999713,94.42238248791432,
7.659999999999712,95.69986958960345,
7.669999999999712,96.99280732622384,
7.679999999999712,98.30136191924598,
7.689999999999712,99.62570112687536,
7.6999999999997115,100.96599425566504,
7.709999999999711,102.32241217219607,
7.719999999999711,103.69512731482632,
7.729999999999711,105.0843137055067,
7.739999999999711,106.49014696166722,
7.7499999999997105,107.91280430817159,
7.75999999999971,109.35246458934063,
7.76999999999971,110.80930828104584,
7.77999999999971,112.28351750287248,
7.78999999999971,113.77527603035293,
7.799999999999709,115.28476930727018,
7.809999999999709,116.8121844580323,
7.819999999999709,118.35771030011824,
7.829999999999709,119.92153735659372,
7.8399999999997085,121.50385786870012,
7.849999999999708,123.1048658085146,
7.859999999999708,124.72475689168206,
7.869999999999708,126.36372859022023,
7.879999999999708,128.0219801453972,
7.8899999999997075,129.69971258068205,
7.899999999999707,131.39712871476897,
7.909999999999707,133.11443317467473,
7.919999999999707,134.85183240891064,
7.929999999999707,136.60953470072806,
7.939999999999706,138.3877501814394,
7.949999999999706,140.18669084381327,
7.959999999999706,142.00657055554498,
7.969999999999706,143.84760507280288,
7.9799999999997056,145.71001205384982,
7.989999999999705,147.59401107274147,
7.999999999999705,149.49982363310048,
8.009999999999705,151.42767318196758,
8.019999999999705,153.3777851237298,
8.029999999999704,155.3503868341259,
8.039999999999704,157.3457076743294,
8.049999999999704,159.3639790051089,
8.059999999999704,161.40543420106945,
8.069999999999704,163.47030866496772,
8.079999999999703,165.55883984211079,
8.089999999999703,167.67126723483136,
8.099999999999703,169.80783241704358,
8.109999999999703,171.96877904887765,
8.119999999999703,174.1543528913962,
8.129999999999702,176.36480182138973,
8.139999999999702,178.6003758462541,
8.149999999999702,180.8613271189471,
8.159999999999702,183.1479099530289,
8.169999999999702,185.46038083778296,
8.179999999999701,187.7989984534185,
8.189999999999701,190.16402368635704,
8.1999999999997,192.55571964459966,
8.2099999999997,194.97435167317883,
8.2199999999997,197.42018736969328,
8.2299999999997,199.89349659992575,
8.2399999999997,202.39455151354565,
8.2499999999997,204.92362655989638,
8.2599999999997,207.48099850386564,
8.2699999999997,210.06694644184262,
8.2799999999997,212.6817518177595,
8.289999999999699,215.3256984392189,
8.299999999999699,217.99907249370756,
8.309999999999699,220.70216256489567,
8.319999999999698,223.43525964902318,
8.329999999999698,226.19865717137412,
8.339999999999698,228.992651002836,
8.349999999999698,231.8175394765493,
8.359999999999697,234.67362340464393,
8.369999999999697,237.56120609506246,
8.379999999999697,240.48059336847592,
8.389999999999697,243.4320935752841,
8.399999999999697,246.4160176127088,
8.409999999999696,249.43267894197493,
8.419999999999696,252.4823936055813,
8.429999999999696,255.56548024466417,
8.439999999999696,258.682260116448,
8.449999999999696,261.8330571117912,
8.459999999999695,265.01819777281963,
8.469999999999695,268.23801131065414,
8.479999999999695,271.4928296232305,
8.489999999999695,274.7829873132089,
8.499999999999694,278.10882170598006,
8.509999999999694,281.470672867762,
8.519999999999694,284.8688836237905,
8.529999999999694,288.303799576605,
8.539999999999694,291.77576912442646,
8.549999999999693,295.2851434796321,
8.559999999999693,298.8322766873226,
8.569999999999693,302.417525643987,
8.579999999999693,306.041250116261,
8.589999999999693,309.70381275978355,
8.599999999999692,313.40557913814723,
8.609999999999692,317.14691774194796,
8.619999999999692,320.9282000079289,
8.629999999999692,324.7498003382247,
8.639999999999691,328.6120961197014,
8.649999999999691,332.5154677433949,
8.659999999999691,336.4602986240488,
8.66999999999969,340.44697521975024,
8.67999999999969,344.47588705166504,
8.68999999999969,348.5474267238728,
8.69999999999969,352.66198994330216,
8.70999999999969,356.81997553976413,
8.71999999999969,361.02178548609044,
8.72999999999969,365.2678249183689,
8.73999999999969,369.55850215628175,
8.74999999999969,373.89422872354646,
8.759999999999689,378.2754193684571,
8.769999999999689,382.7024920845298,
8.779999999999688,387.17586813125024,
8.789999999999688,391.6959720549241,
8.799999999999688,396.26323170963315,
8.809999999999688,400.8780782782918,
8.819999999999688,405.54094629381166,
8.829999999999687,410.2522736603695,
8.839999999999687,415.01250167477843,
8.849999999999687,419.8220750479687,
8.859999999999687,424.6814419265707,
8.869999999999687,429.591053914606,
8.879999999999686,434.55136609528506,
8.889999999999686,439.56283705291094,
8.899999999999686,444.6259288948918,
8.909999999999686,449.74110727386153,
8.919999999999686,454.9088414099051,
8.929999999999685,460.1296041128975,
8.939999999999685,465.40387180494815,
8.949999999999685,470.73212454295674,
8.959999999999685,476.114846041276,
8.969999999999684,481.55252369448795,
8.979999999999684,487.0456486002895,
8.989999999999684,492.59471558248765,
8.999999999999684,498.2002232141076,
9.009999999999684,503.8626738406115,
9.019999999999683,509.58257360323137,
9.029999999999683,515.3604324624104,
9.039999999999683,521.1967642213618,
9.049999999999683,527.0920865497391,
9.059999999999683,533.0469210074176,
9.069999999999682,539.061793068395,
9.079999999999682,545.1372321448013,
9.089999999999682,551.2737716110277,
9.099999999999682,557.4719488279686,
9.109999999999681,563.7323051673798,
9.119999999999681,570.0553860363524,
9.129999999999681,576.4417409019043,
9.13999999999968,582.8919233156868,
9.14999999999968,589.406490938811,
9.15999999999968,595.9860055667896,
9.16999999999968,602.6310331545976,
9.17999999999968,609.3421438418525,
9.18999999999968,616.1199119781111,
9.19999999999968,622.964916148289,
9.20999999999968,629.8777391981964,
9.21999999999968,636.8589682601971,
9.229999999999679,643.9091947789852,
9.239999999999679,651.0290145374843,
9.249999999999678,658.2190276828699,
9.259999999999678,665.4798387527092,
9.269999999999678,672.8120567012278,
9.279999999999678,680.2162949256963,
9.289999999999678,687.6931712929395,
9.299999999999677,695.2433081659725,
9.309999999999677,702.8673324307558,
9.319999999999677,710.5658755230795,
9.329999999999677,718.3395734555695,
9.339999999999677,726.1890668448195,
9.349999999999676,734.1150009386479,
9.359999999999676,742.1180256434834,
9.369999999999676,750.1987955518731,
9.379999999999676,758.3579699701204,
9.389999999999675,766.5962129460486,
9.399999999999675,774.9141932968957,
9.409999999999675,783.3125846373298,
9.419999999999675,791.7920654076026,
9.429999999999675,800.3533189018256,
9.439999999999674,808.9970332963753,
9.449999999999674,817.723901678434,
9.459999999999674,826.5346220746547,
9.469999999999674,835.4298974799617,
9.479999999999674,844.4104358864768,
9.489999999999673,853.4769503125843,
9.499999999999673,862.6301588321217,
9.509999999999673,871.8707846037057,
9.519999999999673,881.1995559001922,
9.529999999999673,890.6172061382672,
9.539999999999672,900.1244739081731,
9.549999999999672,909.7221030035689,
9.559999999999672,919.4108424515259,
9.569999999999672,929.1914465426553,
9.579999999999671,939.0646748613786,
9.589999999999671,949.0312923163234,
9.599999999999671,959.0920691708673,
9.60999999999967,969.2477810738094,
9.61999999999967,979.4992090901848,
9.62999999999967,989.8471397322143,
9.63999999999967,1000.292364990393,
9.64999999999967,1010.8356823647196,
9.65999999999967,1021.4778948960617,
9.66999999999967,1032.219811197661,
9.67999999999967,1043.0622454867837,
9.689999999999669,1054.006017616504,
9.699999999999669,1065.0519531076343,
9.709999999999669,1076.2008831807934,
9.719999999999668,1087.4536447886194,
9.729999999999668,1098.8110806481254,
9.739999999999668,1110.2740392731912,
9.749999999999668,1121.8433750072095,
9.759999999999668,1133.5199480558647,
9.769999999999667,1145.3046245200667,
9.779999999999667,1157.1982764290183,
9.789999999999667,1169.2017817734386,
9.799999999999667,1181.3160245389226,
9.809999999999667,1193.541894739455,
9.819999999999666,1205.880288451063,
9.829999999999666,1218.3321078456238,
9.839999999999666,1230.898261224812,
9.849999999999666,1243.5796630542034,
9.859999999999665,1256.3772339975176,
9.869999999999665,1269.291900951019,
9.879999999999665,1282.3245970780615,
9.889999999999665,1295.4762618437815,
9.899999999999665,1308.7478410499498,
9.909999999999664,1322.1402868699645,
9.919999999999664,1335.6545578840023,
9.929999999999664,1349.291619114316,
9.939999999999664,1363.0524420606894,
9.949999999999664,1376.9380047360441,
9.959999999999663,1390.949291702194,
9.969999999999663,1405.0872941057614,
9.979999999999663,1419.3530097142414,
9.989999999999663,1433.7474429522263,
9.999999999999662,1448.271604937779,
